<!--
  Custom recipes that will not be over written by Ender IO are added here. Examples of recipes can be found in the
  AlloySmelterRecipes_Core.xml and general format documentation in the SAGMillRecipes_Core/User.

  As well as adding custom recipes to the operation of the Alloy Smelter, a vanilla furnace recipe can be controlled.
  It can be disabled completely by simply adding this line:

  <vanillaFurnaceRecipes enabled="false" />

  It is also possible to selectively disable vanilla furnace recipes. The following example disables the smelting of iron
  ingots, ender pearls, and any form of iron ore registered in the ore dictionary.

  <vanillaFurnaceRecipes>

	<exclude>
      <itemStack modID="minecraft" itemName="iron_ingot" />
      <itemStack modID="minecraft" itemName="ender_pearl" />
      <itemStack oreDictionary="oreIron" />
    </exclude>

  </vanillaFurnaceRecipes>

  Add this line to disable the creation of TE alloys using the Alloy Smelter.

  <recipeGroup name="Thermal Expansion" enabled="false" />

-->

<AlloySmelterRecipes>

  <recipeGroup name="Ex Nihilo Omnia" >
    <recipe name="Iron Ingot" energyCost="2000" >
      <input>
        <itemStack oreDictionary="oreIron" />
      </input>
      <output>
        <itemStack modID="minecraft" itemName="iron_ingot" itemMeta="0" />
      </output>
    </recipe>

    <recipe name="Gold Ingot" energyCost="2000" >
      <input>
        <itemStack oreDictionary="oreGold" />
      </input>
      <output>
        <itemStack modID="minecraft" itemName="gold_ingot" itemMeta="0" />
      </output>
    </recipe>

    <recipe name="Tin Ingot" energyCost="2000" >
      <input>
        <itemStack oreDictionary="oreTin" />
      </input>
      <output>
        <itemStack modID="exnihiloomnia" itemName="ore_ingot" itemMeta="2" />
      </output>
    </recipe>

    <recipe name="Copper Ingot" energyCost="2000" >
      <input>
        <itemStack oreDictionary="oreCopper" />
      </input>
      <output>
        <itemStack modID="exnihiloomnia" itemName="ore_ingot" itemMeta="3" />
      </output>
    </recipe>

    <recipe name="Lead Ingot" energyCost="2000" >
      <input>
        <itemStack oreDictionary="oreLead" />
      </input>
      <output>
        <itemStack modID="exnihiloomnia" itemName="ore_ingot" itemMeta="4" />
      </output>
    </recipe>

    <recipe name="Silver Ingot" energyCost="2000" >
      <input>
        <itemStack oreDictionary="oreSilver" />
      </input>
      <output>
        <itemStack modID="exnihiloomnia" itemName="ore_ingot" itemMeta="5" />
      </output>
    </recipe>

    <recipe name="Nickel Ingot" energyCost="2000" >
      <input>
        <itemStack oreDictionary="oreNickel" />
      </input>
      <output>
        <itemStack modID="exnihiloomnia" itemName="ore_ingot" itemMeta="6" />
      </output>
    </recipe>

    <recipe name="Platinum Ingot" energyCost="2000" >
      <input>
        <itemStack oreDictionary="orePlatinum" />
      </input>
      <output>
        <itemStack modID="exnihiloomnia" itemName="ore_ingot" itemMeta="7" />
      </output>
    </recipe>

    <recipe name="Aluminum Ingot" energyCost="2000" >
      <input>
        <itemStack oreDictionary="oreAluminum" />
      </input>
      <output>
        <itemStack modID="exnihiloomnia" itemName="ore_ingot" itemMeta="8" />
      </output>
    </recipe>

    <recipe name="Ardite Ingot" energyCost="3000" >
      <input>
        <itemStack oreDictionary="oreArdite" />
      </input>
      <output>
        <itemStack modID="exnihiloomnia" itemName="ore_ingot" itemMeta="9" />
      </output>
    </recipe>

    <recipe name="Cobalt Ingot" energyCost="3000" >
      <input>
        <itemStack oreDictionary="oreCobalt" />
      </input>
      <output>
        <itemStack modID="exnihiloomnia" itemName="ore_ingot" itemMeta="10" />
      </output>
    </recipe>

    <recipe name="Electrum Ingot" energyCost="5000" >
      <input>
        <itemStack oreDictionary="oreGold" />
        <itemStack oreDictionary="oreSilver" />
      </input>
      <output>
        <itemStack oreDictionary="ingotElectrum" number="2" exp="0.25" />
      </output>
    </recipe>
    <recipe name="Manyullyn Ingot" energyCost="5000" >
      <input>
        <itemStack oreDictionary="oreArdite" />
        <itemStack oreDictionary="oreCobalt" />
      </input>
      <output>
        <itemStack oreDictionary="ingotManyullyn" number="2" exp="0.25" />
      </output>
    </recipe>
    <recipe name="Invar Ingot" energyCost="5000" >
      <input>
        <itemStack oreDictionary="oreNickel" />
        <itemStack oreDictionary="oreIron" number="2" />
      </input>
      <output>
        <itemStack oreDictionary="ingotInvar" number="3" exp="0.25" />
      </output>
    </recipe>
    <recipe name="Bronze" energyCost="4000" >
      <input>
        <itemStack oreDictionary="oreCopper" number="3" />
        <itemStack oreDictionary="oreTin" />
      </input>
      <output>
        <itemStack oreDictionary="ingotBronze" number="4" />
      </output>
    </recipe>
    <recipe name="Advanced Alloy Ingot" energyCost="30000" >
      <input>
        <itemStack oreDictionary="ingotRefinedIron" number="3" />
        <itemStack oreDictionary="ingotBronze" number="3" />
        <itemStack oreDictionary="ingotTin" number="3" />
      </input>
      <output>
        <itemStack modID="techreborn" itemName="ingot" itemMeta="20" />
      </output>
    </recipe>

  </recipeGroup>

</AlloySmelterRecipes>
