{
  "minecraft:fire:6": 4,
  "minecraft:fire:2": 4,
  "minecraft:fire:0": 4,
  "minecraft:fire:12": 4,
  "minecraft:fire:1": 4,
  "minecraft:fire:3": 4,
  "minecraft:fire:4": 4,
  "minecraft:fire:10": 4,
  "minecraft:fire:13": 4,
  "minecraft:fire:11": 4,
  "minecraft:fire:5": 4,
  "minecraft:fire:9": 4,
  "minecraft:fire:7": 4,
  "minecraft:fire:8": 4,
  "minecraft:fire:14": 4,
  "minecraft:fire:15": 4,
  "minecraft:flowing_lava:2": 2,
  "minecraft:flowing_lava:1": 2,
  "minecraft:flowing_lava:0": 2,
  "minecraft:flowing_lava:14": 2,
  "minecraft:flowing_lava:10": 2,
  "minecraft:flowing_lava:11": 2,
  "minecraft:flowing_lava:3": 2,
  "minecraft:flowing_lava:4": 2,
  "minecraft:flowing_lava:5": 2,
  "minecraft:flowing_lava:6": 2,
  "minecraft:flowing_lava:7": 2,
  "minecraft:flowing_lava:9": 2,
  "minecraft:flowing_lava:13": 2,
  "minecraft:flowing_lava:15": 2,
  "minecraft:flowing_lava:8": 2,
  "minecraft:flowing_lava:12": 2,
  "minecraft:lava:0": 3,
  "minecraft:lava:1": 3,
  "minecraft:lava:9": 3,
  "minecraft:lava:15": 3,
  "minecraft:lava:2": 3,
  "minecraft:lava:3": 3,
  "minecraft:lava:4": 3,
  "minecraft:lava:13": 3,
  "minecraft:lava:11": 3,
  "minecraft:lava:12": 3,
  "minecraft:lava:5": 3,
  "minecraft:lava:6": 3,
  "minecraft:lava:10": 3,
  "minecraft:lava:7": 3,
  "minecraft:lava:14": 3,
  "minecraft:lava:8": 3,
  "minecraft:torch:0": 1,
  "minecraft:torch:1": 1,
  "minecraft:torch:13": 1,
  "minecraft:torch:14": 1,
  "minecraft:torch:12": 1,
  "minecraft:torch:15": 1,
  "minecraft:torch:2": 1,
  "minecraft:torch:3": 1,
  "minecraft:torch:4": 1,
  "minecraft:torch:5": 1,
  "minecraft:torch:6": 1,
  "minecraft:torch:7": 1,
  "minecraft:torch:8": 1,
  "minecraft:torch:9": 1,
  "minecraft:torch:11": 1,
  "minecraft:torch:10": 1,
  "bigreactors:blockMetals:0": 15,
  "ic2:resource:10": 15
}
