<!--
  Custom recipes that will not be over written by Ender IO are added here.

  To change an existing recipe, just add the recipe to this file using the same recipe group and recipe name as found in
  the core file.

  Adding new Recipes:
  For more details of how to add a new recipe please see the documentation at the top of SAGMillRecipes_Core.xml.

  Adding a new recipe to a new group:

  <recipeGroup name="CrazyPantsGroup" >
    <recipe name="SolarToGlass" energyCost="120" >
        <input>
          <itemStack modID="EnderIO" itemName="enderIO:blockSolarPanel" />
        </input>
        <output>
          <itemStack modID="minecraft" itemName="glass" />
        </output>
      </recipe>
  </recipeGroup>

  Removing Recipes:
  To disable all recipes within a group, in this example Forestry, include the following in this file:

  <recipeGroup name="Forestry" enabled="false" />

  Disable all recipes in the group 'Vanilla':

  <recipeGroup name="Vanilla" enabled="false" />

  To disable individual recipes, simply provide an invalid recipe for them:

  <recipeGroup name="Applied Energistics" >
    <recipe name="CertusQuartzOre" />
  </recipeGroup>

  Disable the glass recipes in the group 'Vanilla':

  <recipeGroup name="Vanilla" >
    <recipe name="Glass" />
  </recipeGroup>

  Modifying Recipes:
  Modify a core recipe definition, in this case, make glass give diamonds:

  <recipeGroup name="Vanilla" >
    <recipe name="Glass" energyCost="120" >
        <input>
          <itemStack modID="minecraft" itemName="glass" />
        </input>
        <output>
          <itemStack modID="minecraft" itemName="diamond" />
        </output>
      </recipe>
  </recipeGroup>

  Add this block to change the default TE obsidian -> dust recipe to the railcraft recipe.

  <recipeGroup name="Thermal Expansion" >
    <recipe name="Obsidian" energyCost="400" >
      <input>
        <itemStack modID="minecraft" itemName="obsidian" />
      </input>
      <output>
        <itemStack modID="Railcraft" itemName="tile.railcraft.cube" itemMeta="4" number="1" />
        <itemStack oreDictionary="dustObsidian" number="1" chance="0.15" />
        <itemStack oreDictionary="dustObsidian" number="1" chance="0.025" />
      </output>
    </recipe>
  </recipeGroup>

  Grinding Balls:
  Adding a new grinding ball:

  <grindingBalls>
    <grindingBall id="Diamond" grindingMultiplier="1.5" chanceMultiplier="2" powerMultiplier="0.5" durationRF="50000" >
      <itemStack modID="minecraft" itemName="diamond" />
    </grindingBall>
  </grindingBalls>

  Removing an existing grinding ball:

  <grindingBalls>
    <grindingBall id="Flint" remove="true" />
  </grindingBalls>

  Modifying the excludes list: (removing glowstone, adding sand)

  <grindingBalls>
    <excludes>
      <itemStack modID="minecraft" itemName="glowstone" remove="true" />
      <itemStack modID="minecraft" itemName="sand" />
    </excludes>
  </grindingBalls>

-->

<SAGMillRecipes>
    <recipeGroup name="ExNihilo" enabled="false" />
    <recipeGroup name="EnderIO" enabled="false" />

    <recipeGroup name="HorseArmor">
      <recipe name="IronArmor" energyCost="250">
        <input>
          <itemStack modID="minecraft" itemName="iron_horse_armor" />
        </input>
        <output>
          <itemStack modID="exnihiloadscensio" itemName="itemOreIron" itemMeta="2" number="3" />
        </output>
      </recipe>
      <recipe name="GoldArmor" energyCost="250">
        <input>
          <itemStack modID="minecraft" itemName="golden_horse_armor" />
        </input>
        <output>
          <itemStack modID="exnihiloadscensio" itemName="itemOreGold" itemMeta="2" number="3" />
        </output>
      </recipe>
      <recipe name="DiamondArmor" energyCost="250">
        <input>
          <itemStack modID="minecraft" itemName="diamond_horse_armor" />
        </input>
        <output>
          <itemStack modID="ic2" itemName="dust" itemMeta="5" number="9" />
        </output>
      </recipe>
    </recipeGroup>

    <recipeGroup name="ExNihiloAdscensio">
      <recipe name="itemOreGold" energyCost="40000" >
        <input>
          <itemStack modID="exnihiloadscensio" itemName="itemOreGold" itemMeta="*" />
        </input>
        <output>
          <itemStack modID="exnihiloadscensio" itemName="itemOreGold" itemMeta="2" number="1" />
        </output>
      </recipe>
      <recipe name="itemOreCopper" energyCost="40000" >
        <input>
          <itemStack modID="exnihiloadscensio" itemName="itemOreCopper" itemMeta="*" />
        </input>
        <output>
          <itemStack modID="exnihiloadscensio" itemName="itemOreCopper" itemMeta="2" number="1" />
        </output>
      </recipe>
      <recipe name="itemOreAluminium" energyCost="40000" >
        <input>
          <itemStack modID="exnihiloadscensio" itemName="itemOreAluminium" itemMeta="*" />
        </input>
        <output>
          <itemStack modID="exnihiloadscensio" itemName="itemOreAluminium" itemMeta="2" number="1" />
        </output>
      </recipe>
      <recipe name="itemOreLead" energyCost="40000" >
        <input>
          <itemStack modID="exnihiloadscensio" itemName="itemOreLead" itemMeta="*" />
        </input>
        <output>
          <itemStack modID="exnihiloadscensio" itemName="itemOreLead" itemMeta="2" number="1" />
        </output>
      </recipe>
      <recipe name="itemOreSilver" energyCost="40000" >
        <input>
          <itemStack modID="exnihiloadscensio" itemName="itemOreSilver" itemMeta="*" />
        </input>
        <output>
          <itemStack modID="exnihiloadscensio" itemName="itemOreSilver" itemMeta="2" number="1" />
        </output>
      </recipe>
      <recipe name="itemOreNickel" energyCost="40000" >
        <input>
          <itemStack modID="exnihiloadscensio" itemName="itemOreNickel" itemMeta="*" />
        </input>
        <output>
          <itemStack modID="exnihiloadscensio" itemName="itemOreNickel" itemMeta="2" number="1" />
        </output>
      </recipe>
      <recipe name="itemOreCobalt" energyCost="40000" >
        <input>
          <itemStack modID="exnihiloadscensio" itemName="itemOreCobalt" itemMeta="*" />
        </input>
        <output>
          <itemStack modID="exnihiloadscensio" itemName="itemOreCobalt" itemMeta="2" number="1" />
        </output>
      </recipe>
      <recipe name="itemOreIron" energyCost="40000" >
        <input>
          <itemStack modID="exnihiloadscensio" itemName="itemOreIron" itemMeta="*" />
        </input>
        <output>
          <itemStack modID="exnihiloadscensio" itemName="itemOreIron" itemMeta="2" number="1" />
        </output>
      </recipe>
      <recipe name="itemOreArdite" energyCost="40000" >
        <input>
          <itemStack modID="exnihiloadscensio" itemName="itemOreArdite" itemMeta="*" />
        </input>
        <output>
          <itemStack modID="exnihiloadscensio" itemName="itemOreArdite" itemMeta="2" number="1" />
        </output>
      </recipe>
      <recipe name="itemOreTin" energyCost="40000" >
        <input>
          <itemStack modID="exnihiloadscensio" itemName="itemOreTin" itemMeta="*" />
        </input>
        <output>
          <itemStack modID="exnihiloadscensio" itemName="itemOreTin" itemMeta="2" number="1" />
        </output>
      </recipe>
    </recipeGroup>

    <grindingBalls>
      <excludes>
        <itemStack modID="exnihiloadscensio" itemName="itemOreGold" itemMeta="*" remove="true" />
        <itemStack modID="exnihiloadscensio" itemName="itemOreCopper" itemMeta="*" remove="true" />
        <itemStack modID="exnihiloadscensio" itemName="itemOreAluminium" itemMeta="*" remove="true" />
        <itemStack modID="exnihiloadscensio" itemName="itemOreIron" itemMeta="*"  remove="true" />
        <itemStack modID="exnihiloadscensio" itemName="itemOreNickel" itemMeta="*" remove="true" />
        <itemStack modID="exnihiloadscensio" itemName="itemOreTin" itemMeta="*" remove="true" />
        <itemStack modID="exnihiloadscensio" itemName="itemOreSilver" itemMeta="*" remove="true" />
        <itemStack modID="exnihiloadscensio" itemName="itemOreLead" itemMeta="*" remove="true" />
        <itemStack modID="exnihiloadscensio" itemName="itemOreCobalt" itemMeta="*" remove="true" />
        <itemStack modID="exnihiloadscensio" itemName="itemOreArdite" itemMeta="*" remove="true" />
      </excludes>
    </grindingBalls>

</SAGMillRecipes>
