{
  "format": {
    "singleMessage": "%u: %m",
    "multiMessage": "[%c] %u: %m",
    "whisperMessage": "%u ▶ %r: %m",
    "singleEmote": "%u %m",
    "multiEmote": "[%c] %u %m",
    "whisperEmote": "%u ▶ %r : %m"
  },
  "anonymousLogin": false,
  "showWhispers": false,
  "port": 6667,
  "channels": [
    {
      "name": "thedrakma",
      "subscribersOnly": false,
      "deletedMessages": "show",
      "targetTab": "*",
      "active": false
    },
    {
      "name": "1chick",
      "subscribersOnly": false,
      "deletedMessages": "show",
      "targetTab": "1chick",
      "active": true
    }
  ]
}