[
  {
    "inputFluid": "water",
    "outputFluid": "witchwater",
    "transformingBlocks": [
      {
        "name": "minecraft:mycelium",
        "meta": 0
      }
    ],
    "blocksToSpawn": [
      {
        "name": "minecraft:brown_mushroom",
        "meta": 0
      },
      {
        "name": "minecraft:red_mushroom",
        "meta": 0
      }
    ],
    "duration": 12000
  },
  {
    "inputFluid": "water",
    "outputFluid": "fluidhelium",
    "transformingBlocks": [
      {
        "name": "botania:altGrass",
        "meta": 2
      }
    ],
    "blocksToSpawn": [
      {
        "name": "botania:shinyFlower",
        "meta": 0
      },
      {
        "name": "botania:shinyFlower",
        "meta": 1
      },
      {
        "name": "botania:shinyFlower",
        "meta": 2
      },
      {
        "name": "botania:shinyFlower",
        "meta": 3
      },
      {
        "name": "botania:shinyFlower",
        "meta": 4
      },
      {
        "name": "botania:shinyFlower",
        "meta": 5
      },
      {
        "name": "botania:shinyFlower",
        "meta": 6
      },
      {
        "name": "botania:shinyFlower",
        "meta": 7
      },
      {
        "name": "botania:shinyFlower",
        "meta": 8
      },
      {
        "name": "botania:shinyFlower",
        "meta": 9
      },
      {
        "name": "botania:shinyFlower",
        "meta": 10
      },
      {
        "name": "botania:shinyFlower",
        "meta": 11
      },
      {
        "name": "botania:shinyFlower",
        "meta": 12
      },
      {
        "name": "botania:shinyFlower",
        "meta": 13
      },
      {
        "name": "botania:shinyFlower",
        "meta": 14
      },
    {
        "name": "botania:shinyFlower",
        "meta": 15
      }
    ],
    "duration": 40000
  }
]
