{
  "recipes": [
    {
      "block": "minecraft:furnace_lit",
      "meta": -1,
      "heat": 4
    },
    {
      "block": "minecraft:fire",
      "meta": -1,
      "heat": 8
    },
    {
      "block": "minecraft:lava",
      "meta": -1,
      "heat": 16
    },
    {
      "block": "taiga:molten_glimming_enderium",
      "meta": 0,
      "heat": 32
    },
    {
      "block": "immersiveengineering:storage",
      "meta": 5,
      "heat": 64
    },
    {
      "block": "ic2:resource",
      "meta": 10,
      "heat": 64
    }
  ]
}
