{
    "images":
    {
        "title":
        {
            "image" : "mainmenu:title.png",
            "posX" : -117,
            "posY" : 30,
            "width" : 240,
            "height" : 93,
            "alignment" : "top_center"
        }
    },

    "buttons":
    {
        "singleplayer":
        {
            "text" : "menu.singleplayer",
            "posX" : -100,
            "posY" : 48,
            "width" : 200,
            "height" : 20,
            "action" :
            {
                "type" : "openGui",
                "gui" : "singleplayer"
            }
        },

        "multiplayer":
        {
            "text" : "menu.multiplayer",
            "posX" : -100,
            "posY" : 72,
            "width" : 200,
            "height" : 20,
            "action" :
            {
                "type" : "openGui",
                "gui" : "multiplayer"
            }
        },

        "mods":
        {
            "text" : "fml.menu.mods",
            "posX" : -100,
            "posY" : 96,
            "width" : 200,
            "height" : 20,
            "action" :
            {
                "type" : "openGui",
                "gui" : "mods"
            }
        },

        "options":
        {
            "text" : "menu.options",
            "posX" : -100,
            "posY" : 132,
            "width" : 98,
            "height" : 20,
            "action" :
            {
                "type" : "openGui",
                "gui" : "options"
            }
        },

        "quit":
        {
            "text" : "menu.quit",
            "posX" : 2,
            "posY" : 132,
            "width" : 98,
            "height" : 20,
            "action" :
            {
                "type" : "quit"
            }
        },

        "language":
        {
            "text" : "",
            "posX" : -124,
            "posY" : 132,
            "width" : 20,
            "height" : 20,
            "action" :
            {
                "type" : "openGui",
                "gui" : "languages"
            }
        },

        "refresh":
        {
            "text" : "",
            "posX" : -154,
            "posY" : 132,
            "width" : 20,
            "height" : 20,
            "texture" : "custommainmenu:textures/gui/buttons.png",
            "action" :
            {
                "type" : "refresh"
            }
        }
    },

    "texts":
    {
        "mojang":
        {
            "text" : "Copyright Mojang AB",
            "posX" : -115,
            "posY" : -15,
			      "fontSize" : 1,
            "color" : -1,
			      "hoverColor" : -1,
            "alignment" : "bottom_right"
        },
		    "forge":
        {
			      "text" : "Minecraft #mcversion#",
            "posX" : 5,
            "posY" : -30,
			      "fontSize" : 1,
            "color" : -1,
			      "hoverColor" : -1,
            "alignment" : "bottom_left"
		},
		"modsloaded":
    {
			      "text" : "#modsloaded# Mods Loaded",
            "posX" : 5,
            "posY" : -15,
			      "fontSize" : 1,
            "color" : -1,
			      "hoverColor" : -1,
            "alignment" : "bottom_left"
		},
		"modpack":
    {
			      "text" : "Vacant Sky",
            "posX" : 5,
            "posY" : -45,
			      "fontSize" : 1,
            "color" : -1,
			      "hoverColor" : -1,
            "alignment" : "bottom_left"
		}
    },

    "other":
    {
		    "background":
		      {
			         "image" : "mainmenu:bg3.jpg",
			         "mode" : "fill"
		      }
    }
}
