{
  "tools": {
    "axe": {
      "name": "Axe",
      "icon": "minecraft:diamond_axe",
      "toollist": [
        "IC2:itemToolBronzeAxe",
        "IC2:itemToolChainsaw",
        "appliedenergistics2:item.ToolCertusQuartzAxe",
        "appliedenergistics2:item.ToolNetherQuartzAxe",
        "minecraft:diamond_axe",
        "minecraft:golden_axe",
        "minecraft:iron_axe",
        "minecraft:stone_axe",
        "minecraft:wooden_axe",
        "tconstruct:hatchet",
        "tconstruct:mattock"
      ],
      "blocklist": [
        "cavern:perverted_leaves",
        "forestry:leaves",
        "forestry:leaves.decorative.0",
        "forestry:leaves.decorative.1",
        "forestry:leaves.decorative.2",
        "forestry:logs.0",
        "forestry:logs.1",
        "forestry:logs.2",
        "forestry:logs.3",
        "forestry:logs.4",
        "forestry:logs.5",
        "forestry:logs.6",
        "forestry:logs.7",
        "forestry:logs.fireproof.0",
        "forestry:logs.fireproof.1",
        "forestry:logs.fireproof.2",
        "forestry:logs.fireproof.3",
        "forestry:logs.fireproof.4",
        "forestry:logs.fireproof.5",
        "forestry:logs.fireproof.6",
        "forestry:logs.fireproof.7",
        "forestry:logs.vanilla.fireproof.0",
        "forestry:logs.vanilla.fireproof.1",
        "harvestcraft:pamCinnamon/0",
        "harvestcraft:pamMaple/0",
        "harvestcraft:pamPaperbark/0",
        "ic2:leaves",
        "minecraft:fence",
        "minecraft:leaves",
        "minecraft:leaves2",
        "minecraft:log",
        "minecraft:log2",
        "randomthings:spectreLeaf/0",
        "randomthings:spectreLog/0",
        "roots:logWildwood/0",
        "tconstruct:slime_leaves",
        "techreborn:rubberLeaves",
        "techreborn:rubberLog"
      ]
    },
    "crook": {
      "name": "Crook",
      "icon": "exnihiloomnia:crook_wood",
      "toollist": [
        "exnihiloomnia:crook_bone",
        "exnihiloomnia:crook_wood"
      ],
      "blocklist": [
        "cavern:perverted_leaves",
        "exnihiloomnia:infested_leaves",
        "forestry:leaves",
        "forestry:leaves.decorative.0",
        "forestry:leaves.decorative.1",
        "forestry:leaves.decorative.2",
        "hatchery:nest",
        "ic2:leaves",
        "minecraft:leaves",
        "minecraft:leaves2",
        "minecraft:tallgrass",
        "quark:leaf_carpet",
        "randomthings:spectreLeaf",
        "tconstruct:slime_leaves",
        "techreborn:rubberLeaves"
      ]
    },
    "hammer": {
      "name": "Hammer",
      "icon": "exnihiloomnia:hammer_diamond",
      "toollist": [
        "excompressum:compressed_hammer_diamond",
        "excompressum:compressed_hammer_gold",
        "excompressum:compressed_hammer_iron",
        "excompressum:compressed_hammer_stone",
        "excompressum:compressed_hammer_wood",
        "exnihiloomnia:hammer_diamond",
        "exnihiloomnia:hammer_gold",
        "exnihiloomnia:hammer_iron",
        "exnihiloomnia:hammer_stone",
        "exnihiloomnia:hammer_wood"
      ],
      "blocklist": [
        "exnihiloomnia:ore_gravel/0",
        "exnihiloomnia:ore_gravel/1",
        "exnihiloomnia:ore_gravel/2",
        "exnihiloomnia:ore_gravel/3",
        "exnihiloomnia:ore_gravel/4",
        "exnihiloomnia:ore_gravel/5",
        "exnihiloomnia:ore_gravel/6",
        "exnihiloomnia:ore_gravel/7",
        "exnihiloomnia:ore_gravel/8",
        "exnihiloomnia:ore_gravel/9",
        "exnihiloomnia:ore_gravel_ender/2",
        "exnihiloomnia:ore_gravel_ender/4",
        "exnihiloomnia:ore_gravel_ender/5",
        "exnihiloomnia:ore_gravel_ender/7",
        "exnihiloomnia:ore_gravel_ender/8",
        "exnihiloomnia:ore_gravel_nether/0",
        "exnihiloomnia:ore_gravel_nether/1",
        "exnihiloomnia:ore_gravel_nether/3",
        "exnihiloomnia:ore_gravel_nether/6",
        "exnihiloomnia:ore_gravel_nether/10",
        "exnihiloomnia:ore_gravel_nether/11",
        "exnihiloomnia:ore_sand/0",
        "exnihiloomnia:ore_sand/1",
        "exnihiloomnia:ore_sand/2",
        "exnihiloomnia:ore_sand/3",
        "exnihiloomnia:ore_sand/4",
        "exnihiloomnia:ore_sand/5",
        "exnihiloomnia:ore_sand/6",
        "exnihiloomnia:ore_sand/7",
        "exnihiloomnia:ore_sand/8",
        "exnihiloomnia:ore_sand/9",
        "exnihiloomnia:ore_sand/10",
        "exnihiloomnia:ore_sand/11",
        "extrautils2:CompressedCobblestone",
        "extrautils2:CompressedGravel",
        "extrautils2:CompressedSand",
        "forestry:logs.1",
        "forestry:logs.2",
        "forestry:logs.3",
        "forestry:logs.4",
        "forestry:logs.5",
        "forestry:logs.6",
        "forestry:logs.7",
        "minecraft:air/0",
        "minecraft:cobblestone/0",
        "minecraft:end_stone",
        "minecraft:furnace",
        "minecraft:gravel/0",
        "minecraft:log",
        "minecraft:log/4",
        "minecraft:log2",
        "minecraft:netherrack",
        "minecraft:sand/0",
        "minecraft:sandstone",
        "minecraft:stone/0"
      ]
    },
    "hoe": {
      "name": "Hoe",
      "icon": "minecraft:diamond_hoe",
      "toollist": [
        "IC2:itemToolBronzeHoe",
        "appliedenergistics2:item.ToolCertusQuartzHoe",
        "appliedenergistics2:item.ToolNetherQuartzHoe",
        "minecraft:diamond_hoe",
        "minecraft:golden_hoe",
        "minecraft:iron_hoe",
        "minecraft:stone_hoe",
        "minecraft:wooden_hoe",
        "tconstruct:mattock"
      ],
      "blocklist": [
        "minecraft:carrots",
        "minecraft:melon_block",
        "minecraft:potatoes",
        "minecraft:pumpkin",
        "minecraft:wheat"
      ]
    },
    "pickaxe": {
      "name": "Pickaxe",
      "icon": "minecraft:diamond_pickaxe",
      "toollist": [
        "IC2:itemToolBronzePickaxe",
        "IC2:itemToolDDrill",
        "IC2:itemToolDrill",
        "IC2:itemToolIridiumDrill",
        "appliedenergistics2:item.ToolCertusQuartzPickaxe",
        "appliedenergistics2:item.ToolNetherQuartzPickaxe",
        "minecraft:diamond_pickaxe",
        "minecraft:golden_pickaxe",
        "minecraft:iron_pickaxe",
        "minecraft:stone_pickaxe",
        "minecraft:wooden_pickaxe",
        "tconstruct:pickaxe"
      ],
      "blocklist": [
        "actuallyadditions:blockMisc/3",
        "appliedenergistics2:charged_quartz_ore/0",
        "appliedenergistics2:quartz_ore/0",
        "armorplus:block_lava_crystal/0",
        "bigreactors:brOre/0",
        "cavern:cave_block/0",
        "cavern:cave_block/2",
        "draconicevolution:draconium_ore/0",
        "exnihiloomnia:ore_dust/0",
        "exnihiloomnia:ore_dust/1",
        "exnihiloomnia:ore_dust/2",
        "exnihiloomnia:ore_dust/3",
        "exnihiloomnia:ore_dust/4",
        "exnihiloomnia:ore_dust/5",
        "exnihiloomnia:ore_dust/6",
        "exnihiloomnia:ore_dust/7",
        "exnihiloomnia:ore_dust/8",
        "exnihiloomnia:ore_dust/9",
        "exnihiloomnia:ore_dust/10",
        "exnihiloomnia:ore_dust/11",
        "exnihiloomnia:ore_gravel/0",
        "exnihiloomnia:ore_gravel/1",
        "exnihiloomnia:ore_gravel/2",
        "exnihiloomnia:ore_gravel/3",
        "exnihiloomnia:ore_gravel/4",
        "exnihiloomnia:ore_gravel/5",
        "exnihiloomnia:ore_gravel/6",
        "exnihiloomnia:ore_gravel/7",
        "exnihiloomnia:ore_gravel/8",
        "exnihiloomnia:ore_gravel/9",
        "exnihiloomnia:ore_gravel_ender/2",
        "exnihiloomnia:ore_gravel_ender/4",
        "exnihiloomnia:ore_gravel_ender/5",
        "exnihiloomnia:ore_gravel_ender/7",
        "exnihiloomnia:ore_gravel_ender/8",
        "exnihiloomnia:ore_gravel_nether/0",
        "exnihiloomnia:ore_gravel_nether/1",
        "exnihiloomnia:ore_gravel_nether/3",
        "exnihiloomnia:ore_gravel_nether/6",
        "exnihiloomnia:ore_gravel_nether/10",
        "exnihiloomnia:ore_gravel_nether/11",
        "exnihiloomnia:ore_sand/0",
        "exnihiloomnia:ore_sand/1",
        "exnihiloomnia:ore_sand/2",
        "exnihiloomnia:ore_sand/3",
        "exnihiloomnia:ore_sand/4",
        "exnihiloomnia:ore_sand/5",
        "exnihiloomnia:ore_sand/6",
        "exnihiloomnia:ore_sand/7",
        "exnihiloomnia:ore_sand/8",
        "exnihiloomnia:ore_sand/9",
        "exnihiloomnia:ore_sand/10",
        "exnihiloomnia:ore_sand/11",
        "forestry:resources/0",
        "forestry:resources/1",
        "forestry:resources/2",
        "ic2:resource/1",
        "ic2:resource/2",
        "ic2:resource/3",
        "ic2:resource/4",
        "immersiveengineering:ore/0",
        "immersiveengineering:ore/1",
        "immersiveengineering:ore/2",
        "immersiveengineering:ore/3",
        "immersiveengineering:ore/4",
        "immersiveengineering:ore/5",
        "mekanism:OreBlock/0",
        "mekanism:OreBlock/1",
        "mekanism:OreBlock/2",
        "minecraft:coal_ore",
        "minecraft:cobblestone_wall",
        "minecraft:diamond_ore",
        "minecraft:emerald_ore",
        "minecraft:glowstone",
        "minecraft:gold_ore",
        "minecraft:iron_ore",
        "minecraft:lapis_ore",
        "minecraft:lit_redstone_ore",
        "minecraft:mossy_cobblestone",
        "minecraft:nether_brick_fence",
        "minecraft:obsidian",
        "minecraft:quartz_ore",
        "minecraft:redstone_ore",
        "routerreborn:rr_orecopper/0",
        "taiga:adamantite_ore/0",
        "taiga:arcanite_ore/0",
        "taiga:bismuth_ore/0",
        "taiga:eternite_ore/0",
        "taiga:ignitite_ore/0",
        "taiga:karmesine_ore/0",
        "taiga:meteorite_ore/0",
        "taiga:mindorite_ore/0",
        "taiga:mythril_ore/0",
        "taiga:palladium_ore/0",
        "taiga:prometheum_ore/0",
        "taiga:rubium_ore/0",
        "taiga:tiberium_ore/0",
        "taiga:titanite_ore/0",
        "taiga:vibranium_ore/0",
        "taiga:violium_ore/0",
        "tconstruct:ore/0",
        "tconstruct:ore/1",
        "techreborn:techreborn.ore/0",
        "techreborn:techreborn.ore/1",
        "techreborn:techreborn.ore/2",
        "techreborn:techreborn.ore/3",
        "techreborn:techreborn.ore/4",
        "techreborn:techreborn.ore/5",
        "techreborn:techreborn.ore/6",
        "techreborn:techreborn.ore/7",
        "techreborn:techreborn.ore/8",
        "techreborn:techreborn.ore/9",
        "techreborn:techreborn.ore/10",
        "techreborn:techreborn.ore/11",
        "techreborn:techreborn.ore/12",
        "techreborn:techreborn.ore/13",
        "techreborn:techreborn.ore2/0",
        "techreborn:techreborn.ore2/1"
      ]
    },
    "shears": {
      "name": "Shears",
      "icon": "minecraft:shears",
      "toollist": [
        "IC2:itemToolBronzeHoe",
        "minecraft:shears"
      ],
      "blocklist": [
        "cavern:perverted_leaves",
        "forestry:leaves",
        "forestry:leaves.decorative.0",
        "forestry:leaves.decorative.1",
        "forestry:leaves.decorative.2",
        "ic2:leaves",
        "minecraft:deadbush",
        "minecraft:leaves",
        "minecraft:leaves2",
        "minecraft:tallgrass",
        "minecraft:vine",
        "minecraft:web",
        "minecraft:wool",
        "randomthings:spectreLeaf/0",
        "tconstruct:slime_leaves",
        "techreborn:rubberLeaves"
      ]
    },
    "shovel": {
      "name": "Shovel",
      "icon": "minecraft:diamond_shovel",
      "toollist": [
        "IC2:itemToolBronzeSpade",
        "appliedenergistics2:item.ToolCertusQuartzSpade",
        "appliedenergistics2:item.ToolNetherQuartzSpade",
        "minecraft:diamond_shovel",
        "minecraft:golden_shovel",
        "minecraft:iron_shovel",
        "minecraft:stone_shovel",
        "minecraft:wooden_shovel",
        "tconstruct:mattock",
        "tconstruct:shovel"
      ],
      "blocklist": [
        "minecraft:clay",
        "minecraft:gravel"
      ]
    }
  }
}