<?xml version="1.0" encoding="UTF-8"?>
<enderio:recipes xmlns:enderio="http://enderio.com/recipes" xmlns:xsi="http://www.w3.org/2001/XMLSchema-instance" xsi:schemaLocation="http://enderio.com/recipes recipes.xsd ">

<!-- 

These are the build-in recipes. You cannot change this file, it is a
reference for you only and will be generated every time the game starts.

To make changes to the recipes, copy the recipes you want to change to
the matching _user.xml. To disabled a recipe, add an attribute "disabled"
and set it to true, e.g.: <recipe name="Gear" disabled="true" />

Item specifications can reference an alias, an ore dictionary name, a
block or an item. You can force the type by prefixing the value with
"oredict:", "block:" or "item:". Recipes that have items that cannot be
found in-game are either skipped or an error, depending on their "required"
attribute.

More information on the syntax can be found in the recipes.xsd file. An
XML editor will display that as tooltips when editing this file.

 -->

  <recipe name="Compatibility: Glass 2 Glass" required="false">
    <crafting>
      <shapeless>
        <item name="enderio:blockFusedQuartz:1"/>
      </shapeless>
      <output name="minecraft:glass"/>
    </crafting>
  </recipe>

  <recipe name="Compatibility: End Crystal" required="false">
    <crafting>
      <grid>
        <item name="blockGlassColorless"/><item name="blockGlassColorless"/><item name="blockGlassColorless"/>
        <item name="blockGlassColorless"/><item name="pearlEnderEye"/><item name="blockGlassColorless"/>
        <item name="blockGlassColorless"/><item name="itemGhastTear"/><item name="blockGlassColorless"/>
      </grid>
      <output name="minecraft:end_crystal"/>
    </crafting>
  </recipe>

  <recipe name="Compatibility: Beacon" required="false">
    <crafting>
      <grid>
        <item name="blockGlassColorless"/><item name="blockGlassColorless"/><item name="blockGlassColorless"/>
        <item name="blockGlassColorless"/><item name="netherStar"/><item name="blockGlassColorless"/>
        <item name="oredict:obsidian"/><item name="oredict:obsidian"/><item name="oredict:obsidian"/>
      </grid>
      <output name="minecraft:beacon"/>
    </crafting>
  </recipe>

  <recipe name="Compatibility: Bottle" required="false">
    <crafting>
      <grid size="3x2">
        <item name="blockGlassColorless"/><item /><item name="blockGlassColorless"/>
        <item /><item name="blockGlassColorless"/><item />
      </grid>
      <output name="minecraft:glass_bottle" amount="3"/>
    </crafting>
  </recipe>

  <recipe name="Compatibility: Glass Pane" required="false">
    <crafting>
      <grid size="3x2">
        <item name="blockGlassColorless"/><item name="blockGlassColorless"/><item name="blockGlassColorless"/>
        <item name="blockGlassColorless"/><item name="blockGlassColorless"/><item name="blockGlassColorless"/>
      </grid>
      <output name="minecraft:glass_pane" amount="16"/>
    </crafting>
  </recipe>

  <recipe name="Compatibility: Daylight Sensor" required="false">
    <crafting>
      <grid>
        <item name="blockGlassColorless"/><item name="blockGlassColorless"/><item name="blockGlassColorless"/>
        <item name="gemQuartz"/><item name="gemQuartz"/><item name="gemQuartz"/>
        <item name="slabWood"/><item name="slabWood"/><item name="slabWood"/>
      </grid>
      <output name="minecraft:daylight_detector"/>
    </crafting>
  </recipe>

  <recipe name="Binder Composite" required="true">
    <crafting>
      <level maxlevel="0"/>
      <grid size="3x3">
        <item name="oredict:gravel" /><item name="oredict:gravel" /><item name="oredict:gravel" />
        <item name="oredict:sand" /><item name="oredict:itemClay" /><item name="oredict:sand" />
        <item name="oredict:gravel" /><item name="oredict:gravel" /><item name="oredict:gravel" />
      </grid>
      <output name="BINDER_COMPOSITE" amount="16" />
    </crafting>
    <crafting>
      <level minlevel="1" maxlevel="2"/>
      <grid size="3x3">
        <item name="oredict:gravel" /><item name="oredict:itemClay" /><item name="oredict:gravel" />
        <item name="oredict:sand" /><item name="oredict:gravel" /><item name="oredict:sand" />
        <item name="oredict:gravel" /><item name="oredict:itemClay" /><item name="oredict:gravel" />
      </grid>
      <output name="BINDER_COMPOSITE" amount="8" />
    </crafting>
    <crafting>
      <level minlevel="3"/>
      <grid size="3x3">
        <item name="oredict:gravel" /><item name="minecraft:clay" /><item name="oredict:gravel" />
        <item name="oredict:sand" /><item name="oredict:gravel" /><item name="oredict:sand" />
        <item name="oredict:gravel" /><item name="minecraft:clay" /><item name="oredict:gravel" />
      </grid>
      <output name="BINDER_COMPOSITE" amount="4" />
    </crafting>
  </recipe>

  <recipe name="Conduit Binder" required="true">
    <smelting exp="0">
      <input name="BINDER_COMPOSITE"/>
      <output name="CONDUIT_BINDER" amount="4">
        <level maxlevel="1"/>
      </output>
      <output name="CONDUIT_BINDER" amount="2">
        <level minlevel="2"/>
      </output>
    </smelting>
  </recipe>

  <recipe name="Pulsating Iron, Nuggets" required="true">
    <crafting>
      <shapeless>
        <item name="PULSATING_IRON"/>
      </shapeless>
      <output name="PULSATING_IRON_NUGGET" amount="9"/>
    </crafting>
  </recipe>

  <recipe name="Pulsating Iron, De-Nuggeting" required="true">
    <crafting>
      <shapeless>
        <item name="PULSATING_IRON_NUGGET"/><item name="PULSATING_IRON_NUGGET"/><item name="PULSATING_IRON_NUGGET"/>
        <item name="PULSATING_IRON_NUGGET"/><item name="PULSATING_IRON_NUGGET"/><item name="PULSATING_IRON_NUGGET"/>
        <item name="PULSATING_IRON_NUGGET"/><item name="PULSATING_IRON_NUGGET"/><item name="PULSATING_IRON_NUGGET"/>
      </shapeless>
      <output name="PULSATING_IRON"/>
    </crafting>
  </recipe>

  <recipe name="Vibrant Alloy, Nuggets" required="true">
    <crafting>
      <shapeless>
        <item name="VIBRANT_ALLOY"/>
      </shapeless>
      <output name="VIBRANT_NUGGET" amount="9"/>
    </crafting>
  </recipe>

  <recipe name="Vibrant Alloy, De-Nuggeting" required="true">
    <crafting>
      <shapeless>
        <item name="VIBRANT_NUGGET"/><item name="VIBRANT_NUGGET"/><item name="VIBRANT_NUGGET"/>
        <item name="VIBRANT_NUGGET"/><item name="VIBRANT_NUGGET"/><item name="VIBRANT_NUGGET"/>
        <item name="VIBRANT_NUGGET"/><item name="VIBRANT_NUGGET"/><item name="VIBRANT_NUGGET"/>
      </shapeless>
      <output name="VIBRANT_ALLOY"/>
    </crafting>
  </recipe>

  <recipe name="Pulsating Crystal" required="true">
    <crafting>
      <grid>
        <item name="PULSATING_IRON_NUGGET"/><item name="PULSATING_IRON_NUGGET"/><item name="PULSATING_IRON_NUGGET"/>
        <item name="PULSATING_IRON_NUGGET"/><item name="gemDiamond"/><item name="PULSATING_IRON_NUGGET"/>
        <item name="PULSATING_IRON_NUGGET"/><item name="PULSATING_IRON_NUGGET"/><item name="PULSATING_IRON_NUGGET"/>
      </grid>
      <output name="PULSATING_CRYSTAL"/>
    </crafting>
  </recipe>

  <recipe name="Vibrant Crystal" required="true">
    <crafting>
      <grid>
        <item name="VIBRANT_NUGGET"/><item name="VIBRANT_NUGGET"/><item name="VIBRANT_NUGGET"/>
        <item name="VIBRANT_NUGGET"/><item name="gemEmerald"/><item name="VIBRANT_NUGGET"/>
        <item name="VIBRANT_NUGGET"/><item name="VIBRANT_NUGGET"/><item name="VIBRANT_NUGGET"/>
      </grid>
      <output name="VIBRANT_CRYSTAL"/>
    </crafting>
  </recipe>

  <recipe name="Dark Grinding Ball" required="true">
    <crafting>
      <level maxlevel="1"/>
      <grid size="2x2">
        <item name="DARK_STEEL"/><item name="DARK_STEEL"/>
        <item name="DARK_STEEL"/><item name="DARK_STEEL"/>
      </grid>
      <output name="DARK_GRINDING_BALL" amount="5"/>
    </crafting>
    <crafting>
      <level minlevel="2" maxlevel="2"/>
      <grid>
        <item/><item name="DARK_STEEL"/><item/>
        <item name="DARK_STEEL"/><item name="DARK_STEEL"/><item name="DARK_STEEL"/>
        <item/><item name="DARK_STEEL"/><item/>
      </grid>
      <output name="DARK_GRINDING_BALL" amount="5"/>
    </crafting>
    <crafting>
      <level minlevel="3"/>
      <grid>
        <item name="DARK_STEEL"/><item name="DARK_STEEL"/><item name="DARK_STEEL"/>
        <item name="DARK_STEEL"/><item/><item name="DARK_STEEL"/>
        <item name="DARK_STEEL"/><item name="DARK_STEEL"/><item name="DARK_STEEL"/>
      </grid>
      <output name="DARK_GRINDING_BALL" amount="5"/>
    </crafting>
  </recipe>

  <recipe name="Dark Grinding Ball Casting" required="true">
  <dependency item="tconstruct:cast_custom:2"/>
    <casting>
      <level maxlevel="1"/>
      <input name="DARK_STEEL" amount="0.8"/>
      <cast name="tconstruct:cast_custom:2"/>
      <output name="DARK_GRINDING_BALL"/>
    </casting>
    <casting>
      <level minlevel="2" maxlevel="2"/>
      <input name="DARK_STEEL" amount="1"/>
      <cast name="tconstruct:cast_custom:2"/>
      <output name="DARK_GRINDING_BALL"/>
    </casting>
    <casting>
      <level minlevel="3"/>
      <input name="DARK_STEEL" amount="1.6"/>
      <cast name="tconstruct:cast_custom:2"/>
      <output name="DARK_GRINDING_BALL"/>
    </casting>
  </recipe>

  <recipe name="Iron Dust, Smelting" required="true">
    <smelting>
      <input name="enderio:itemPowderIngot:1"/>
      <output name="minecraft:iron_ingot"/>
    </smelting>
  </recipe>

  <recipe name="Gold Dust, Smelting" required="true">
    <smelting>
      <input name="enderio:itemPowderIngot:2"/>
      <output name="minecraft:gold_ingot"/>
    </smelting>
  </recipe>

  <recipe name="Ender Pearl Nuggets" required="true">
    <crafting>
      <shapeless>
        <item name="nuggetEnderpearl"/><item name="nuggetEnderpearl"/><item name="nuggetEnderpearl"/>
        <item name="nuggetEnderpearl"/><item name="nuggetEnderpearl"/><item name="nuggetEnderpearl"/>
        <item name="nuggetEnderpearl"/><item name="nuggetEnderpearl"/><item name="nuggetEnderpearl"/>
      </shapeless>
      <output name="oredict:enderpearl"/>
    </crafting>
  </recipe>

  <recipe name="Dark Iron Bars" required="true">
    <crafting>
      <grid size="3x2">
        <item name="DARK_STEEL"/><item name="DARK_STEEL"/><item name="DARK_STEEL"/>
        <item name="DARK_STEEL"/><item name="DARK_STEEL"/><item name="DARK_STEEL"/>
      </grid>
      <output name="enderio:blockDarkIronBars" amount="16"/>
    </crafting>
  </recipe>

  <recipe name="Chassis" required="true">
    <crafting>      
      <grid>
        <item name="barsIron"/><item name="ingotIron"/><item name="barsIron"/>
        <item name="ingotIron"/><item name="CAPACITOR1"/><item name="ingotIron"/>
        <item name="barsIron"/><item name="ingotIron"/><item name="barsIron"/>
      </grid>
      <output name="CHASSIS"/>
    </crafting>    
  </recipe>

  <recipe name="Gear" required="true">
    <crafting>
      <level maxlevel="2"/>
      <grid>
        <item name="stickWood"/><item name="oredict:cobblestone"/><item name="stickWood"/>
        <item name="oredict:cobblestone"/><item /><item name="oredict:cobblestone"/>
        <item name="stickWood"/><item name="oredict:cobblestone"/><item name="stickWood"/>
      </grid>
      <output name="GEAR"/>
    </crafting>
    <crafting>
      <level minlevel="3"/>
      <grid>
        <item name="stickWood"/><item name="oredict:cobblestone"/><item name="stickWood"/>
        <item name="oredict:cobblestone"/><item name="ingotIron"/><item name="oredict:cobblestone"/>
        <item name="stickWood"/><item name="oredict:cobblestone"/><item name="stickWood"/>
      </grid>
      <output name="GEAR"/>
    </crafting>
  </recipe>

  <alias name="CAPACITOR_METAL" item="ingotCopper">
    <dependency item="ingotCopper" reverse="false"/>
  </alias>
  <alias name="CAPACITOR_METAL" item="nuggetGold">
    <dependency item="ingotCopper" reverse="true"/>
  </alias>

  <recipe name="Capacitor 1" required="true">
    <crafting>
      <level maxlevel="1"/>
      <grid>
        <item /><item name="dustRedstone"/><item name="nuggetGold"/>
        <item name="dustRedstone"/><item name="ingotIron"/><item name="dustRedstone"/>
        <item name="nuggetGold"/><item name="dustRedstone"/><item />
      </grid>
      <output name="CAPACITOR1"/>
    </crafting>
    <crafting>
      <level minlevel="2" maxlevel="2"/>
      <grid>
        <item /><item name="dustRedstone"/><item name="nuggetGold"/>
        <item name="dustRedstone"/><item name="CAPACITOR_METAL"/><item name="dustRedstone"/>
        <item name="nuggetGold"/><item name="dustRedstone"/><item />
      </grid>
      <output name="CAPACITOR1"/>
    </crafting>
    <crafting>
      <level minlevel="3"/>
      <grid>
        <item /><item name="dustRedstone"/><item name="ingotGold"/>
        <item name="dustRedstone"/><item name="CAPACITOR_METAL"/><item name="dustRedstone"/>
        <item name="ingotGold"/><item name="dustRedstone"/><item />
      </grid>
      <output name="CAPACITOR1"/>
    </crafting>
  </recipe>

  <recipe name="Capacitor 2" required="true">
    <crafting>
      <level maxlevel="2"/>
      <grid>
        <item /><item name="ENERGETIC_ALLOY"/><item />
        <item name="CAPACITOR1"/><item name="dustCoal"/><item name="CAPACITOR1"/>
        <item /><item name="ENERGETIC_ALLOY"/><item />
      </grid>
      <output name="CAPACITOR2"/>
    </crafting>
    <crafting>
      <level minlevel="3"/>
      <grid>
        <item name="ENERGETIC_ALLOY"/><item name="ENERGETIC_ALLOY"/><item name="ENERGETIC_ALLOY"/>
        <item name="CAPACITOR1"/><item name="dustCoal"/><item name="CAPACITOR1"/>
        <item name="ENERGETIC_ALLOY"/><item name="ENERGETIC_ALLOY"/><item name="ENERGETIC_ALLOY"/>
      </grid>
      <output name="CAPACITOR2"/>
    </crafting>
  </recipe>

  <recipe name="Capacitor 3" required="true">
    <crafting>
      <level maxlevel="1"/>
      <grid>
        <item /><item name="VIBRANT_ALLOY"/><item />
        <item name="CAPACITOR2"/><item name="oredict:dustGlowstone"/><item name="CAPACITOR2"/>
        <item /><item name="VIBRANT_ALLOY"/><item />
      </grid>
      <output name="CAPACITOR3"/>
    </crafting>
    <crafting>
      <level minlevel="2" maxlevel="2"/>
      <grid>
        <item /><item name="VIBRANT_ALLOY"/><item />
        <item name="CAPACITOR2"/><item name="oredict:glowstone"/><item name="CAPACITOR2"/>
        <item /><item name="VIBRANT_ALLOY"/><item />
      </grid>
      <output name="CAPACITOR3"/>
    </crafting>
    <crafting>
      <level minlevel="3"/>
      <grid>
        <item name="VIBRANT_ALLOY"/><item name="VIBRANT_ALLOY"/><item name="VIBRANT_ALLOY"/>
        <item name="CAPACITOR2"/><item name="oredict:glowstone"/><item name="CAPACITOR2"/>
        <item name="VIBRANT_ALLOY"/><item name="VIBRANT_ALLOY"/><item name="VIBRANT_ALLOY"/>
      </grid>
      <output name="CAPACITOR3"/>
    </crafting>
  </recipe>

  <recipe name="Weather Crystal" required="true">
    <crafting>
      <grid>
        <item /><item name="PULSATING_CRYSTAL"/><item />
        <item name="VIBRANT_CRYSTAL"/><item name="ENDER_CRYSTAL"/><item name="VIBRANT_CRYSTAL"/>
        <item /><item name="PULSATING_CRYSTAL"/><item />
      </grid>
      <output name="WEATHER_CRYSTAL"/>
    </crafting>
  </recipe>

  <recipe name="Reinforced Obsidian" required="true">
    <config name="reinforcedObsidianEnabled" section="Item Enabling" value="true"/>
    <crafting>
      <level maxlevel="2"/>
      <grid>
        <item name="DARK_STEEL"/><item name="enderio:blockDarkIronBars"/><item name="DARK_STEEL"/>
        <item name="enderio:blockDarkIronBars"/><item name="oredict:obsidian"/><item name="enderio:blockDarkIronBars"/>
        <item name="DARK_STEEL"/><item name="enderio:blockDarkIronBars"/><item name="DARK_STEEL"/>
      </grid>
      <output name="enderio:blockReinforcedObsidian"/>
    </crafting>
    <crafting>
      <level minlevel="3"/>
      <grid>
        <item name="DARK_STEEL_BLOCK"/><item name="enderio:blockDarkIronBars"/><item name="DARK_STEEL_BLOCK"/>
        <item name="enderio:blockDarkIronBars"/><item name="oredict:obsidian"/><item name="enderio:blockDarkIronBars"/>
        <item name="DARK_STEEL_BLOCK"/><item name="enderio:blockDarkIronBars"/><item name="DARK_STEEL_BLOCK"/>
      </grid>
      <output name="enderio:blockReinforcedObsidian"/>
    </crafting>
  </recipe>

  <recipe name="Dark Steel Anvil" required="true">
    <crafting>
      <grid>
        <item name="DARK_STEEL_BLOCK"/><item name="DARK_STEEL_BLOCK"/><item name="DARK_STEEL_BLOCK"/>
        <item/><item name="DARK_STEEL"/><item/>
        <item name="DARK_STEEL"/><item name="DARK_STEEL"/><item name="DARK_STEEL"/>
      </grid>
      <output name="enderio:blockDarkSteelAnvil"/>
    </crafting>
  </recipe>

  <recipe name="Dark Steel Ladder" required="true">
    <crafting>
      <grid size="1x3">
        <item name="enderio:blockDarkIronBars"/>
        <item name="enderio:blockDarkIronBars"/>
        <item name="enderio:blockDarkIronBars"/>
      </grid>
      <output name="enderio:blockDarkSteelLadder" amount="12"/>
    </crafting>
  </recipe>

  <recipe name="Dark Steel Trap Door" required="true">
    <crafting>
      <grid size="2x2">
        <item name="DARK_STEEL"/><item name="DARK_STEEL"/>
        <item name="DARK_STEEL"/><item name="DARK_STEEL"/>
      </grid>
      <output name="enderio:blockDarkSteelTrapdoor" amount="1"/>
    </crafting>
  </recipe>

  <recipe name="Bread" required="true">
    <smelting exp="0.35">
      <input name="dustWheat"/>
      <output name="minecraft:bread"/>
    </smelting>
  </recipe>

  <recipe name="Enderios" required="true">
    <crafting>
      <shapeless>
        <item name="minecraft:bowl"/><item name="minecraft:milk_bucket"/><item name="cropWheat"/><item name="nuggetEnderpearl"/>
      </shapeless>
      <output name="enderio:itemEnderFood:0"/>
    </crafting>
  </recipe>

  <recipe name="Copper" required="false">
    <smelting>
      <input name="enderio:itemPowderIngot:3"/>
      <output name="ingotCopper"/>
    </smelting>
  </recipe>

  <recipe name="Tin" required="false">
    <smelting>
      <input name="enderio:itemPowderIngot:4"/>
      <output name="ingotTin"/>
    </smelting>
  </recipe>

  <recipe name="Ardite" required="false">
    <smelting>
      <input name="enderio:itemPowderIngot:9"/>
      <output name="ingotArdite"/>
    </smelting>
  </recipe>

  <recipe name="Cobalt" required="false">
    <smelting>
      <input name="enderio:itemPowderIngot:10"/>
      <output name="ingotCobalt"/>
    </smelting>
  </recipe>

  <recipe name="Obsidian Smelting" required="false">
    <smelting vanilla="false" tinkers="true">
      <!-- Note: With Dark Steel Balls, one obsidian block will sagmill to 6 powders, so we need to make them smelt that way to avoid duping. -->
      <input name="enderio:itemPowderIngot:7" amount="6"/>
      <output name="item:obsidian"/>
    </smelting>
  </recipe>

  <recipe name="Chassis Parts" required="true">
    <crafting>
      <grid size="3x3">
        <item name="ingotIron"/><item name="ingotIron"/><item name="ingotIron"/>
        <item name="ingotIron"/><item name="CHASSIS"/><item name="ingotIron"/>
        <item name="ingotIron"/><item name="ingotIron"/><item name="ingotIron"/>
      </grid>
      <output name="CHASSIPARTS" amount="16"/>
    </crafting>
  </recipe>

  <recipe name="Deco Block 1/0" required="true">
    <crafting>
      <grid size="3x3">
        <item /><item name="CHASSIPARTS"/><item />
        <item name="CHASSIPARTS"/><item /><item name="CHASSIPARTS"/>
        <item /><item name="CHASSIPARTS"/><item />
      </grid>
      <output name="enderio:blockDecoration1:0" amount="1"/>
    </crafting>
  </recipe>

  <recipe name="Deco Block 1/1 a" required="true">
    <crafting>
      <grid size="3x3">
        <item /><item name="ingotIron"/><item />
        <item name="ingotIron"/><item name="enderio:blockDecoration1:0"/><item name="ingotIron"/>
        <item /><item name="ingotIron"/><item />
      </grid>
      <output name="enderio:blockDecoration1:1" amount="1"/>
    </crafting>
  </recipe>

  <recipe name="Deco Block 1/1 b" required="true">
    <crafting>
      <grid size="3x3">
        <item name="CHASSIPARTS"/><item name="ingotIron"/><item name="CHASSIPARTS"/>
        <item name="ingotIron"/><item /><item name="ingotIron"/>
        <item name="CHASSIPARTS"/><item name="ingotIron"/><item name="CHASSIPARTS"/>
      </grid>
      <output name="enderio:blockDecoration1:1" amount="1"/>
    </crafting>
  </recipe>

  <recipe name="Deco Block 1/1 c" required="true">
    <crafting>
      <grid size="3x3">
        <item name="ingotIron"/><item name="CHASSIPARTS"/><item name="ingotIron"/>
        <item name="CHASSIPARTS"/><item /><item name="CHASSIPARTS"/>
        <item name="ingotIron"/><item name="CHASSIPARTS"/><item name="ingotIron"/>
      </grid>
      <output name="enderio:blockDecoration1:1" amount="1"/>
    </crafting>
  </recipe>

  <recipe name="Deco Block 1/1 d" required="true">
    <crafting>
      <shapeless>
        <item name="enderio:blockDecoration1:6"/>
      </shapeless>
      <output name="enderio:blockDecoration1:1" amount="1"/>
    </crafting>
  </recipe>

  <recipe name="Deco Block 1/2" required="true">
    <crafting>
      <shapeless>
        <item name="enderio:blockDecoration1:1"/>
      </shapeless>
      <output name="enderio:blockDecoration1:2" amount="1"/>
    </crafting>
  </recipe>

  <recipe name="Deco Block 1/3" required="true">
    <crafting>
      <shapeless>
        <item name="enderio:blockDecoration1:2"/>
      </shapeless>
      <output name="enderio:blockDecoration1:3" amount="1"/>
    </crafting>
  </recipe>

  <recipe name="Deco Block 1/4" required="true">
    <crafting>
      <shapeless>
        <item name="enderio:blockDecoration1:3"/>
      </shapeless>
      <output name="enderio:blockDecoration1:4" amount="1"/>
    </crafting>
  </recipe>

  <recipe name="Deco Block 1/5" required="true">
    <crafting>
      <shapeless>
        <item name="enderio:blockDecoration1:4"/>
      </shapeless>
      <output name="enderio:blockDecoration1:5" amount="1"/>
    </crafting>
  </recipe>

  <recipe name="Deco Block 1/6" required="true">
    <crafting>
      <shapeless>
        <item name="enderio:blockDecoration1:5"/>
      </shapeless>
      <output name="enderio:blockDecoration1:6" amount="1"/>
    </crafting>
  </recipe>

  <recipe name="Deco Block 1/7 a" required="true">
    <crafting>
      <grid size="3x3">
        <item /><item name="SOULARIUM"/><item />
        <item name="SOULARIUM"/><item name="enderio:blockDecoration1:0"/><item name="SOULARIUM"/>
        <item /><item name="SOULARIUM"/><item />
      </grid>
      <output name="enderio:blockDecoration1:7" amount="1"/>
    </crafting>
  </recipe>

  <recipe name="Deco Block 1/7 b" required="true">
    <crafting>
      <grid size="3x3">
        <item name="CHASSIPARTS"/><item name="SOULARIUM"/><item name="CHASSIPARTS"/>
        <item name="SOULARIUM"/><item /><item name="SOULARIUM"/>
        <item name="CHASSIPARTS"/><item name="SOULARIUM"/><item name="CHASSIPARTS"/>
      </grid>
      <output name="enderio:blockDecoration1:7" amount="1"/>
    </crafting>
  </recipe>

  <recipe name="Deco Block 1/7 c" required="true">
    <crafting>
      <grid size="3x3">
        <item name="SOULARIUM"/><item name="CHASSIPARTS"/><item name="SOULARIUM"/>
        <item name="CHASSIPARTS"/><item /><item name="CHASSIPARTS"/>
        <item name="SOULARIUM"/><item name="CHASSIPARTS"/><item name="SOULARIUM"/>
      </grid>
      <output name="enderio:blockDecoration1:7" amount="1"/>
    </crafting>
  </recipe>

  <recipe name="Deco Block 1/7 d" required="true">
    <crafting>
      <shapeless>
        <item name="enderio:blockDecoration1:12"/>
      </shapeless>
      <output name="enderio:blockDecoration1:7" amount="1"/>
    </crafting>
  </recipe>

  <recipe name="Deco Block 1/8" required="true">
    <crafting>
      <shapeless>
        <item name="enderio:blockDecoration1:7"/>
      </shapeless>
      <output name="enderio:blockDecoration1:8" amount="1"/>
    </crafting>
  </recipe>

  <recipe name="Deco Block 1/9" required="true">
    <crafting>
      <shapeless>
        <item name="enderio:blockDecoration1:8"/>
      </shapeless>
      <output name="enderio:blockDecoration1:9" amount="1"/>
    </crafting>
  </recipe>

  <recipe name="Deco Block 1/10" required="true">
    <crafting>
      <shapeless>
        <item name="enderio:blockDecoration1:9"/>
      </shapeless>
      <output name="enderio:blockDecoration1:10" amount="1"/>
    </crafting>
  </recipe>

  <recipe name="Deco Block 1/11" required="true">
    <crafting>
      <shapeless>
        <item name="enderio:blockDecoration1:10"/>
      </shapeless>
      <output name="enderio:blockDecoration1:11" amount="1"/>
    </crafting>
  </recipe>

  <recipe name="Deco Block 1/12" required="true">
    <crafting>
      <shapeless>
        <item name="enderio:blockDecoration1:11"/>
      </shapeless>
      <output name="enderio:blockDecoration1:12" amount="1"/>
    </crafting>
  </recipe>

  <recipe name="Deco Block 1/13" required="true">
    <crafting>
      <shapeless>
        <item name="enderio:blockDecoration1:1"/><item name="oredict:dyeRed"/>
      </shapeless>
      <output name="enderio:blockDecoration1:13" amount="1"/>
    </crafting>
  </recipe>

  <recipe name="Deco Block 1/1 f" required="true">
    <crafting>
      <shapeless>
        <item name="enderio:blockDecoration1:13"/><item name="minecraft:water_bucket"/>
      </shapeless>
      <output name="enderio:blockDecoration1:1" amount="1"/>
    </crafting>
  </recipe>

  <recipe name="Deco Block 1/14 a" required="true">
    <crafting>
      <grid size="3x3">
        <item /><item name="barsIron"/><item />
        <item name="barsIron"/><item name="enderio:blockDecoration1:0"/><item name="barsIron"/>
        <item /><item name="barsIron"/><item />
      </grid>
      <output name="enderio:blockDecoration1:14" amount="1"/>
    </crafting>
  </recipe>

  <recipe name="Deco Block 1/14 b" required="true">
    <crafting>
      <grid size="3x3">
        <item name="CHASSIPARTS"/><item name="barsIron"/><item name="CHASSIPARTS"/>
        <item name="barsIron"/><item /><item name="barsIron"/>
        <item name="CHASSIPARTS"/><item name="barsIron"/><item name="CHASSIPARTS"/>
      </grid>
      <output name="enderio:blockDecoration1:14" amount="1"/>
    </crafting>
  </recipe>

  <recipe name="Deco Block 1/14 c" required="true">
    <crafting>
      <grid size="3x3">
        <item name="barsIron"/><item name="CHASSIPARTS"/><item name="barsIron"/>
        <item name="CHASSIPARTS"/><item /><item name="CHASSIPARTS"/>
        <item name="barsIron"/><item name="CHASSIPARTS"/><item name="barsIron"/>
      </grid>
      <output name="enderio:blockDecoration1:14" amount="1"/>
    </crafting>
  </recipe>

  <recipe name="Deco Block 1/15 a" required="true">
    <crafting>
      <grid size="3x3">
        <item /><item name="FUSED_GLASS"/><item />
        <item name="FUSED_GLASS"/><item name="enderio:blockDecoration1:0"/><item name="FUSED_GLASS"/>
        <item /><item name="FUSED_GLASS"/><item />
      </grid>
      <output name="enderio:blockDecoration1:15" amount="1"/>
    </crafting>
  </recipe>

  <recipe name="Deco Block 1/15 b" required="true">
    <crafting>
      <grid size="3x3">
        <item name="CHASSIPARTS"/><item name="FUSED_GLASS"/><item name="CHASSIPARTS"/>
        <item name="FUSED_GLASS"/><item /><item name="FUSED_GLASS"/>
        <item name="CHASSIPARTS"/><item name="FUSED_GLASS"/><item name="CHASSIPARTS"/>
      </grid>
      <output name="enderio:blockDecoration1:15" amount="1"/>
    </crafting>
  </recipe>

  <recipe name="Deco Block 1/15 c" required="true">
    <crafting>
      <grid size="3x3">
        <item name="FUSED_GLASS"/><item name="CHASSIPARTS"/><item name="FUSED_GLASS"/>
        <item name="CHASSIPARTS"/><item /><item name="CHASSIPARTS"/>
        <item name="FUSED_GLASS"/><item name="CHASSIPARTS"/><item name="FUSED_GLASS"/>
      </grid>
      <output name="enderio:blockDecoration1:15" amount="1"/>
    </crafting>
  </recipe>

  <recipe name="Deco Block 2/0" required="true">
    <crafting>
      <shapeless>
        <item name="enderio:blockDecoration1:1"/><item name="minecraft:furnace"/>
      </shapeless>
      <output name="enderio:blockDecoration2:0" amount="1"/>
    </crafting>
  </recipe>

  <recipe name="Deco Block 2/1" required="true">
    <crafting>
      <shapeless>
        <item name="enderio:blockDecoration1:1"/><item name="chestWood"/>
      </shapeless>
      <output name="enderio:blockDecoration2:1" amount="1"/>
    </crafting>
  </recipe>

  <recipe name="Deco Block 2/2" required="true">
    <crafting>
      <shapeless>
        <item name="enderio:blockDecoration1:1"/><item name="CHASSIS"/>
      </shapeless>
      <output name="enderio:blockDecoration2:2" amount="1"/>
    </crafting>
  </recipe>

  <recipe name="Deco Block 2/3" required="true">
    <crafting>
      <shapeless>
        <item name="enderio:blockDecoration2:1"/><item name="enderio:blockDecoration2:2"/>
      </shapeless>
      <output name="enderio:blockDecoration2:3" amount="2"/>
    </crafting>
  </recipe>

  <recipe name="Deco Block 2/4" required="true">
    <crafting>
      <shapeless>
        <item name="enderio:blockDecoration2:3"/><item name="netherStar"/>
      </shapeless>
      <output name="enderio:blockDecoration2:4" amount="1"/>
    </crafting>
  </recipe>

  <recipe name="Deco Block 2/5" required="true">
    <crafting>
      <shapeless>
        <item name="enderio:blockDecoration1:1"/><item name="workbench"/>
      </shapeless>
      <output name="enderio:blockDecoration2:5" amount="1"/>
    </crafting>
  </recipe>

  <recipe name="Deco Block 2/6" required="true">
    <crafting>
      <shapeless>
        <item name="enderio:blockDecoration1:1"/><item name="gemDiamond"/>
      </shapeless>
      <output name="enderio:blockDecoration2:6" amount="1"/>
    </crafting>
  </recipe>

  <recipe name="Deco Block 2/7" required="true">
    <crafting>
      <shapeless>
        <item name="enderio:blockDecoration1:1"/><item name="enderio:itemPowerConduit:0"/>
      </shapeless>
      <output name="enderio:blockDecoration2:7" amount="1"/>
    </crafting>
  </recipe>

  <recipe name="Deco Block 2/8" required="true">
    <crafting>
      <shapeless>
        <item name="enderio:blockDecoration1:1"/><item name="itemFlint"/>
      </shapeless>
      <output name="enderio:blockDecoration2:8" amount="1"/>
    </crafting>
  </recipe>

  <recipe name="Deco Block 2/9" required="true">
    <crafting>
      <shapeless>
        <item name="enderio:blockDecoration1:7"/><item name="minecraft:iron_axe"/>
      </shapeless>
      <output name="enderio:blockDecoration2:9" amount="1"/>
    </crafting>
  </recipe>

  <recipe name="Deco Block 2/10" required="true">
    <crafting>
      <shapeless>
        <item name="enderio:blockDecoration1:1"/><item name="GEAR"/>
      </shapeless>
      <output name="enderio:blockDecoration2:10" amount="1"/>
    </crafting>
  </recipe>

  <recipe name="Deco Block 2/11" required="true">
    <crafting>
      <shapeless>
        <item name="enderio:blockDecoration1:15"/><item name="barsIron"/>
      </shapeless>
      <output name="enderio:blockDecoration2:11" amount="1"/>
    </crafting>
  </recipe>

  <recipe name="Deco Block 2/12" required="true">
    <crafting>
      <shapeless>
        <item name="enderio:blockDecoration1:15"/><item name="enderio:blockDarkIronBars"/>
      </shapeless>
      <output name="enderio:blockDecoration2:12" amount="1"/>
    </crafting>
  </recipe>

  <recipe name="Deco Block 2/13" required="true">
    <crafting>
      <shapeless>
        <item name="enderio:blockDecoration1:1"/><item name="CONDUIT_BINDER"/>
      </shapeless>
      <output name="enderio:blockDecoration2:13" amount="1"/>
    </crafting>
  </recipe>

  <recipe name="Deco Block 2/14" required="true">
    <crafting>
      <shapeless>
        <item name="enderio:blockDecoration1:1"/><item name="ingotIron"/>
      </shapeless>
      <output name="enderio:blockDecoration2:14" amount="1"/>
    </crafting>
  </recipe>

  <recipe name="Deco Block 2/15" required="true">
    <crafting>
      <shapeless>
        <item name="enderio:blockDecoration1:1"/><item name="CAPACITOR1"/>
      </shapeless>
      <output name="enderio:blockDecoration2:15" amount="1"/>
    </crafting>
  </recipe>

</enderio:recipes>