{
  "recipes": [
    {
      "id": "minecraft:log",
      "meta": 0,
      "behavior": "meta_specific",
      "rewards": [
        {
          "id": "mekanism:Sawdust",
          "meta": 0,
          "amount": 3,
          "baseChance": 100,
          "fortuneModifier": 0
        },
        {
          "id": "minecraft:stick",
          "meta": 0,
          "amount": 2,
          "baseChance": 75,
          "fortuneModifier": 5
        },
        {
          "id": "minecraft:stick",
          "meta": 0,
          "amount": 1,
          "baseChance": 25,
          "fortuneModifier": 10
        }
      ]
    }
  ]
}
