{
  "recipes":
  [
    {
      "id": "exnihiloomnia:dust",
      "meta": 0,
      "behavior": "meta_ignored",
      "rewards":
      [
        {
          "id": "bigreactors:dustMetals",
          "meta": 0,
          "amount": 1,
          "baseChance": 3
        },
        {
          "id": "techreborn:gem",
          "meta": 3,
          "amount": 1,
          "baseChance": 2
        },
        {
          "id": "techreborn:gem",
          "meta": 4,
          "amount": 1,
          "baseChance": 2
        },
        {
          "id": "techreborn:smallDust",
          "meta": 43,
          "amount": 1,
          "baseChance": 2
        },
        {
          "id": "techreborn:smallDust",
          "meta": 45,
          "amount": 1,
          "baseChance": 3
        },
        {
          "id": "techreborn:smallDust",
          "meta": 36,
          "amount": 1,
          "baseChance": 1
        },
        {
          "id": "appliedenergistics2:material",
          "meta": 2,
          "amount": 1,
          "baseChance": 10
        },
        {
          "id": "appliedenergistics2:material",
          "meta": 46,
          "amount": 1,
          "baseChance": 3
        },
        {
          "id": "appliedenergistics2:material",
          "meta": 8,
          "amount": 1,
          "baseChance": 3
        },
        {
          "id": "appliedenergistics2:material",
          "meta": 3,
          "amount": 1,
          "baseChance": 2
        },
        {
          "id": "appliedenergistics2:material",
          "meta": 45,
          "amount": 1,
          "baseChance": 5
        }
      ]
    }
  ]
}
