{
  "recipes":
  [
    {
      "id": "exnihiloomnia:gravel_ender",
      "meta": 0,
      "behavior": "meta_ignored",
      "rewards":
      [
        {
          "id": "techreborn:smallDust",
          "meta": 55,
          "amount": 2,
          "baseChance": 2
        },
        {
          "id": "techreborn:smallDust",
          "meta": 54,
          "amount": 2,
          "baseChance": 2
        },
        {
          "id": "techreborn:smallDust",
          "meta": 59,
          "amount": 2,
          "baseChance": 2
        },
        {
          "id": "techreborn:smallDust",
          "meta": 58,
          "amount": 2,
          "baseChance": 2
        },
        {
          "id": "techreborn:smallDust",
          "meta": 50,
          "amount": 2,
          "baseChance": 2
        },
        {
          "id": "techreborn:smallDust",
          "meta": 37,
          "amount": 2,
          "baseChance": 2
        },
        {
          "id": "techreborn:smallDust",
          "meta": 48,
          "amount": 2,
          "baseChance": 2
        },
        {
          "id": "techreborn:smallDust",
          "meta": 60,
          "amount": 2,
          "baseChance": 2
        },
        {
          "id": "draconicevolution:draconium_dust",
          "meta": 0,
          "amount": 1,
          "baseChance": 1
        },
        {
          "id": " exnihiloomnia:ore_broken_ender",
          "meta": 5,
          "amount": 1,
          "baseChance": 5
        },
        {
          "id": " exnihiloomnia:ore_broken_ender",
          "meta": 8,
          "amount": 1,
          "baseChance": 20
        },
        {
          "id": " exnihiloomnia:ore_broken_ender",
          "meta": 7,
          "amount": 1,
          "baseChance": 2
        },
        {
          "id": " exnihiloomnia:ore_broken_ender",
          "meta": 2,
          "amount": 1,
          "baseChance": 15
        },
        {
          "id": " exnihiloomnia:ore_broken_ender",
          "meta": 4,
          "amount": 1,
          "baseChance": 1
        },
        {
          "id": "extrautils2:EnderShard",
          "meta": 0,
          "amount": 1,
          "baseChance": 2
        }
      ]
    }
  ]
}
