{
  "recipes":
  [
    {
      "id": "minecraft:dirt",
      "meta": 0,
      "behavior": "meta_ignored",
      "rewards":
      [
        {
          "id": "forestry:pollen",
          "meta": 0,
          "amount": 1,
          "baseChance": 4
        },
        {
          "id": "techreborn:smallDust",
          "meta": 64,
          "amount": 1,
          "baseChance": 10
        },
        {
          "id": "techreborn:smallDust",
          "meta": 63,
          "amount": 1,
          "baseChance": 10
        },
        {
          "id": "techreborn:smallDust",
          "meta": 65,
          "amount": 1,
          "baseChance": 10
        },
        {
          "id": "techreborn:smallDust",
          "meta": 32,
          "amount": 1,
          "baseChance": 10
        }
      ]
    }
  ]
}
